nam_hoc,mean,median,mode,std,min,max
2025,16.877859477124183,17.0,17.35,2.425326303683228,9.25,24.75
