nam_hoc,mean,median,mode,std,min,max
2023,34.957277408421334,37.2,40.9,9.122951956141439,2.4,55.849999999999994
2024,36.32308469593974,38.4,39.55,8.791003704053681,4.95,55.75
2025,24.006345816907576,24.2,26.25,4.977436849938719,5.0,48.0
