nam_hoc,mean,median,mode,std,min,max
2023,36.53407615930774,38.3,38.1,8.716240641320102,2.4,55.849999999999994
2024,38.01618391631756,39.85,42.55,8.695828809006052,0.0,57.05
2025,24.666343003935804,24.85,28.0,4.840997374957854,4.55,50.05
