nam_hoc,mean,median,mode,std,min,max
2023,20.604732802553663,20.85,21.6,2.7762874029055955,4.5,29.8
2024,20.531107449509328,20.75,21.2,2.9818355862513357,3.2,29.55
2025,18.340639818053077,18.1,22.75,4.501786370842215,3.2,30.0
