nam_hoc,mean,median,mode,std,min,max
2023,15.304441531840833,15.5,16.25,2.116599369330894,1.5,19.75
2024,15.553931978851578,15.75,16.5,2.029549613158259,0.0,19.75
2025,14.483410616131922,14.75,15.5,2.1355139487949075,2.1,19.75
