nam_hoc,mean,median,mode,std,min,max
2018,30.206798061690428,29.9,27.35,7.796136141114529,0.5,59.85
2019,32.62916302977403,32.55,33.55,8.08151229639565,0.0,64.7
2021,34.01470836855452,34.4,30.75,7.427348649058278,7.05,52.9
2022,34.43467905094722,35.1,36.0,7.126103836199009,5.2,53.0
2023,35.51582564488797,36.25,37.75,7.140487582368094,5.2,54.8
2024,36.990905667482586,37.8,39.05,7.121356918849213,3.0,54.8
2025,23.530649926144758,23.6,25.0,4.495192953816688,0.5,47.8
