nam_hoc,mean,median,mode,std,min,max
2023,38.22260831440969,40.3,40.55,9.005023509968634,2.2,56.05
2024,39.909959096022085,41.95,43.2,8.956089298581063,4.0,57.45
2025,25.347586818939707,25.75,28.75,4.694367698403321,1.25,49.8
