nam_hoc,mean,median,mode,std,min,max
2018,30.241615572503864,31.1,30.4,7.862142029693913,0.0,62.8
2019,33.066293210711386,33.9,34.3,7.911333941188295,0.0,61.15
2021,38.346172712017555,40.1,45.05,9.059107141755058,1.25,56.8
2022,39.81848296798964,41.5,43.8,8.82115051221244,2.25,56.75
2023,39.02011631506789,41.1,40.55,9.10514871912803,4.5,56.05
2024,40.87694386775824,42.75,43.2,8.74774323800668,4.0,56.8
2025,25.18393913342503,25.5,27.25,4.712192459216554,3.25,49.8
