nam_hoc,mean,median,mode,std,min,max
2023,20.106247315721134,20.25,20.5,2.704456727755156,5.75,29.0
2024,20.26643658044613,20.5,20.75,2.904532039616321,2.0,29.0
2025,19.616439860823686,19.6,23.25,3.555804679655916,4.5,28.75
