nam_hoc,mean,median,mode,std,min,max
2023,34.78965472142297,35.6,38.35,7.394545530056854,6.4,52.849999999999994
2024,35.294281279847176,36.2,33.65,7.388274354062239,7.25,53.9
2025,22.608667573079536,22.7,26.5,4.534685278205925,8.5,37.15
