nam_hoc,mean,median,mode,std,min,max
2018,27.24605126428819,27.75,27.1,6.704235057511158,2.6,54.95
2019,29.36520462470178,29.9,33.1,7.015293862721007,0.0,53.45
2021,35.14844273275285,36.15,37.65,8.014791326433025,2.0,54.85
2022,34.71685957446809,35.4,36.4,7.390639325223345,7.7,56.15
2023,35.16979611969747,35.85,38.3,7.436940032769488,1.4,54.05
2024,35.8651001908397,36.65,38.85,7.436506956526774,3.0,53.35
2025,22.380492063492063,22.5,24.75,4.550161979475795,2.35,45.7
