nam_hoc,mean,median,mode,std,min,max
2025,17.477049689440992,17.5,20.25,2.977830065556426,7.35,27.25
