nam_hoc,mean,median,mode,std,min,max
2023,18.610291186455388,18.85,19.0,3.370389182998459,2.65,28.7
2024,20.27158490259528,20.6,20.8,3.433353196344174,2.4,28.95
2025,17.286605467499868,17.45,20.5,3.6513981439012997,2.1,29.0
