nam_hoc,mean,median,mode,std,min,max
2023,21.173493017958275,21.45,22.05,2.5288317487307848,5.25,28.9
2024,21.546488957671812,21.8,22.7,2.7031083728742535,4.55,28.95
2025,19.113692592670553,19.0,20.5,3.495835496138901,4.45,29.0
