nam_hoc,mean,median,mode,std,min,max
2018,24.202079041018916,24.25,23.15,7.28909096659292,1.25,53.75
2019,25.596372453928222,25.45,24.6,7.822742745846419,0.0,57.05
2021,31.15940567553096,31.5,30.85,8.41664936246602,4.25,53.4
2022,30.963696060037528,31.05,30.4,8.073548811638942,5.0,53.849999999999994
2023,29.91041999361227,29.7,23.9,8.112474472639335,5.05,52.95
2024,32.269385838150285,32.65,34.4,8.049839035463098,4.5,53.5
2025,21.01970327604726,20.85,21.6,4.8110215861145225,5.5,43.65
