nam_hoc,mean,median,mode,std,min,max
2018,26.800439728724566,27.15,29.9,8.046314447999968,3.8,57.85
2019,27.959339940953186,28.200000000000003,27.75,8.251225648750928,5.25,59.25
2021,32.647520050654286,33.24,34.85,8.876606980145354,4.2,55.0
2022,33.07511203648622,34.05,34.75,8.605542878239262,1.5,53.400000000000006
2023,32.10777600319426,32.7,28.9,8.9096528250765,6.75,53.9
2024,33.15518343625136,34.1,36.9,8.755047281946815,5.92,54.1
2025,21.871017576318224,21.75,25.5,4.977832287887022,1.25,41.6
