nam_hoc,mean,median,mode,std,min,max
2023,6.025629273374527,6.0,5.75,1.5529305942496912,0.0,10.0
2024,6.570343054654821,6.5,6.75,1.4628042098598246,0.0,10.0
2025,6.514921288863308,6.5,7.25,1.6443165014398151,0.0,10.0
