nam_hoc,mean,median,mode,std,min,max
2018,28.457448817647993,30.25,32.6,9.236029536883317,3.65,58.8
2019,31.639481251531738,33.7,32.8,9.48321186216506,0.0,53.400000000000006
2021,37.24080917011856,40.4,41.05,10.66126575152406,2.2,57.4
2022,38.39453254523174,41.35,45.8,9.863860911208146,2.0,56.650000000000006
2023,39.69701972555746,42.6,45.3,9.513220079481432,6.6,56.900000000000006
2024,40.77354310846646,44.2,46.05,9.741756575244233,7.0,57.15
2025,27.174443839922624,27.5,29.0,4.2879160259731,5.75,48.5
