nam_hoc,mean,median,mode,std,min,max
2025,20.525681270096463,20.6,21.75,2.3172263306453376,9.6,27.25
