nam_hoc,mean,median,mode,std,min,max
2025,20.486105263157896,20.75,21.5,2.593046240903099,8.95,26.5
