nam_hoc,mean,median,mode,std,min,max
2023,36.062643654331225,37.1,37.95,7.76795815106498,3.0,55.15
2024,37.47778070517824,38.65,41.3,7.587366773144902,2.4,56.3
2025,24.10146436045796,24.25,26.75,4.339395831507394,0.5,49.5
