nam_hoc,mean,median,mode,std,min,max
2023,36.9037694548481,38.4,37.95,8.209156455271405,4.5,55.15
2024,37.61463671053656,39.25,41.8,8.265215066990235,2.4,56.3
2025,24.543061432949074,24.75,27.0,4.481224888433198,3.5,44.2
