nam_hoc,mean,median,mode,std,min,max
2025,17.591746148202493,17.7,16.6,3.1926314580831137,7.35,26.5
