nam_hoc,mean,median,mode,std,min,max
2025,17.5979295877417,17.75,19.0,2.59051735228185,5.6,28.25
