nam_hoc,mean,median,mode,std,min,max
2023,37.257094236760125,38.2,34.85,7.018823427243718,2.25,55.05
2024,38.37391837356278,39.4,38.5,7.1626009811057285,4.5,55.05
2025,23.85431809791036,24.0,26.25,4.044591401367962,4.5,41.55
