nam_hoc,mean,median,mode,std,min,max
2018,30.41061080074488,31.15,30.1,6.724202198969267,0.0,62.55
2019,32.848629574309186,33.65,32.35,6.980271724009304,0.0,59.55
2021,38.46159823120657,39.95,38.05,7.778605721452606,6.9,54.9
2022,37.567483237174486,38.8,39.0,7.439616453736286,7.65,54.55
2023,37.697137014314926,39.05,42.2,7.38043771964459,6.0,55.25
2024,39.21352130325815,40.55,41.3,7.077089753548053,2.25,54.65
2025,24.834600375776848,24.85,27.0,3.958706497893127,3.6,40.7
