nam_hoc,mean,median,mode,std,min,max
2025,20.202667054038347,20.25,22.25,3.2272935289840112,6.0,28.25
