nam_hoc,mean,median,mode,std,min,max
2023,19.17457710501081,19.15,18.7,3.7319963965340284,4.2,29.4
2024,19.34288391597688,19.35,19.15,3.4845185683617492,4.6,29.2
2025,18.558170675898843,18.5,18.75,2.898274481513552,4.0,29.0
