nam_hoc,mean,median,mode,std,min,max
2023,19.944415817106893,20.25,20.75,2.5921983257762817,6.25,28.0
2024,20.266246440014243,20.5,21.25,2.7410972885554887,2.75,28.5
2025,17.529258453628632,17.5,18.5,2.763463021586762,4.25,28.75
