nam_hoc,mean,median,mode,std,min,max
2018,29.230921744354877,30.25,30.0,8.131406539940013,0.0,65.1
2019,32.37896145054032,33.7,33.1,8.549474240594293,0.0,64.2
2021,37.03147823743431,39.1,40.3,9.196994888955668,2.4,56.4
2022,36.91822789148957,38.75,41.7,8.819016110530585,3.15,56.05
2023,37.39792829049666,39.5,42.55,8.825034931063279,2.2,55.85
2024,38.8534601557819,41.15,42.95,9.061294339901647,5.25,57.45
2025,25.525841854890068,25.85,28.75,4.668439653913203,1.25,49.75
