nam_hoc,mean,median,mode,std,min,max
2025,19.498017306245295,19.75,21.5,3.149844843866791,6.050000000000001,27.5
