nam_hoc,mean,median,mode,std,min,max
2018,31.087737478411047,32.1,33.45,7.67974511521791,0.0,65.75
2019,33.91701188257223,35.25,35.05,8.0487824974842,0.0,68.65
2021,38.558391933815926,40.7,41.8,9.199194198718546,2.35,55.85
2022,38.15802025481869,40.2,40.2,8.943426597688218,3.0,56.15
2023,38.48527543475997,40.85,42.15,9.16571096778291,2.4,55.35
2024,39.19889690506064,41.8,44.2,9.423393533808285,3.0,56.85
2025,25.382006338839794,26.0,28.5,5.014440020615633,4.75,41.15
