nam_hoc,mean,median,mode,std,min,max
2018,27.735415212840195,28.0,27.4,7.4638654919778284,0.0,59.3
2019,29.535243945243945,30.1,28.8,8.025806556117223,5.5,63.6
2021,34.52326996197719,35.65,35.5,9.27384720975621,6.0,55.5
2022,34.43415001637734,35.75,37.7,8.939908947629416,2.8,53.45
2023,34.045064035998614,35.35,36.85,8.611237854503031,0.0,55.1
2024,34.79714240705734,36.375,38.45,8.934858247035645,5.25,55.7
2025,23.592535928143715,23.75,27.0,4.730337017179982,6.25,42.75
