nam_hoc,mean,median,mode,std,min,max
2023,37.17243255653771,38.15,38.95,7.177516716550122,2.25,55.2
2024,38.09467888133532,39.1,41.3,7.1333476555449105,2.2,55.75
2025,23.705218765254475,23.85,25.5,4.18521363680026,2.0,47.1
