nam_hoc,mean,median,mode,std,min,max
2018,30.06814214214214,30.7,29.6,6.514241493594513,0.0,59.95
2019,32.884185627880186,33.55,35.6,6.525344983534086,0.25,62.3
2021,38.80668995694827,39.75,44.0,6.904421465108847,7.05,54.4
2022,37.98638774641895,38.7,39.0,6.643877456076251,5.5,54.5
2023,38.448132896264426,39.4,41.05,6.890019301236384,4.6,54.3
2024,39.06001431173563,40.05,40.6,6.782332962451884,5.25,55.75
2025,23.79199940688019,23.85,26.5,4.194641293624674,2.0,44.25
