nam_hoc,mean,median,mode,std,min,max
2025,15.189837398373983,15.0,14.85,2.7562221661327855,8.6,21.95
