nam_hoc,mean,median,mode,std,min,max
2025,16.872346938775507,17.0,17.35,2.4369436667870734,9.2,22.6
