nam_hoc,mean,median,mode,std,min,max
2018,4.872201464561916,4.75,5.0,1.5433001245961693,0.0,10.0
2019,5.354009540480625,5.5,6.0,1.5681217803699998,0.0,10.0
2020,6.705224575009474,7.0,7.75,1.6079244808844018,0.0,10.0
2021,6.623471135404092,7.0,7.75,1.5999637773625508,0.0,10.0
2022,6.703898071583269,7.0,8.0,1.6003930712214824,0.0,10.0
2023,6.744645981019024,7.0,7.5,1.4284676902382774,0.0,10.0
2024,6.680829711587854,6.75,7.75,1.6414703285826295,0.0,10.0
2025,6.069783611630772,6.0,6.25,1.8122426993244425,0.0,10.0
