nam_hoc,mean,median,mode,std,min,max
2025,16.21121212121212,16.2,14.6,2.9682946134181663,9.1,26.0
