nam_hoc,mean,median,mode,std,min,max
2023,35.71626866708342,37.15,38.25,8.102341491573165,3.2,54.45
2024,37.57738476887264,39.2,40.3,7.885924727300551,2.4,55.0
2025,23.692661888917332,23.85,25.0,4.223863500973838,1.5,43.0
