nam_hoc,mean,median,mode,std,min,max
2023,20.290948827915333,20.55,21.15,3.3864940852501557,4.25,29.0
2024,20.936119741133727,21.25,21.8,3.15133926205328,3.4,29.15
2025,17.289528747006266,17.45,18.75,3.1048610181983527,4.5,27.8
