nam_hoc,mean,median,mode,std,min,max
2023,37.70231803341655,39.2,43.9,7.6915469661078095,5.0,54.15
2024,38.758161825345915,40.45,41.4,7.561492548962696,4.75,55.85
2025,23.650125096392767,23.85,26.75,4.135578425471704,4.5,43.8
