nam_hoc,mean,median,mode,std,min,max
2023,36.309790298130366,37.5,40.75,7.691035195992105,2.8,54.2
2024,37.880095590031765,39.3,42.2,7.530144435274881,3.0,55.85
2025,23.80586892681651,23.95,25.25,4.163468323031617,4.0,46.8
