nam_hoc,mean,median,mode,std,min,max
2025,14.69748447204969,14.5,14.1,2.9515596483987605,7.050000000000001,24.6
