nam_hoc,mean,median,mode,std,min,max
2023,18.47917105176708,18.7,18.9,3.688088932704509,2.8,28.45
2024,19.638869339206924,19.9,20.3,3.5570138571256904,3.25,28.7
2025,17.27497379909936,17.45,20.0,3.563059598183315,3.1,28.5
