nam_hoc,mean,median,mode,std,min,max
2025,16.713598673300165,16.95,18.85,2.4169179774592435,6.55,23.35
