nam_hoc,mean,median,mode,std,min,max
2023,18.269625396576565,18.1,17.35,3.39242347154671,3.75,28.85
2024,19.81032133549049,19.8,19.85,3.4144256556533175,2.8,29.75
2025,20.59230883523481,20.75,21.5,2.926298395643475,4.75,29.0
