nam_hoc,mean,median,mode,std,min,max
2018,14.735241454613464,14.7,14.85,3.018431215486453,0.75,27.8
2019,15.985178360715258,16.05,16.0,3.1385678986681302,3.35,27.1
2020,18.764515742246296,18.85,19.35,2.867468692700355,4.85,28.15
2021,19.892621858106583,20.15,20.2,3.141572114833481,6.45,28.6
2022,19.216208928496393,19.35,19.5,3.0614381820847094,4.7,28.75
2023,19.936481566033095,20.1,20.2,2.9187167462402996,6.15,28.9
2024,20.206700706679214,20.35,20.25,2.9632041648295355,4.95,29.35
2025,19.044954788409758,19.0,20.0,3.061622471952459,6.6,28.0
