nam_hoc,mean,median,mode,std,min,max
2023,37.49461619225385,39.05,39.9,8.100509076908347,3.2,55.75
2024,39.219600974890895,40.71,41.6,7.7013937117663325,2.4,56.25
2025,24.26985730205757,24.5,26.0,4.274243853659335,1.5,47.3
