nam_hoc,mean,median,mode,std,min,max
2023,38.78177467196219,40.35,40.95,7.852010356220377,5.0,55.75
2024,40.43883561305614,41.8,41.6,7.327345181885897,5.0,56.25
2025,24.69609223645041,24.95,26.0,4.261274831556339,3.5,47.3
