nam_hoc,mean,median,mode,std,min,max
2025,14.647042952730413,14.5,15.35,3.08672412473236,5.65,27.75
