nam_hoc,mean,median,mode,std,min,max
2023,18.17633215663504,18.0,17.6,3.7159270950266197,3.6,29.3
2024,19.196414134322186,19.1,18.9,3.5728392744528965,4.05,29.75
2025,20.41629187482134,20.75,21.0,2.9821138005381256,4.95,29.0
