nam_hoc,mean,median,mode,std,min,max
2023,36.01880980861244,36.85,37.3,7.526710400338239,3.5,54.2
2024,36.778771337832474,37.95,39.25,8.076100314285162,2.5,55.3
2025,23.314440467219292,23.450000000000003,25.25,4.766788893918384,5.5,40.85
