nam_hoc,mean,median,mode,std,min,max
2023,35.79111247511612,37.05,38.65,8.039435131696754,0.0,55.45
2024,36.56814661629649,37.824999999999996,39.0,8.017982452757796,1.8,55.25
2025,23.633346517783792,23.8,25.25,4.8268934840535875,0.0,42.15
