nam_hoc,mean,median,mode,std,min,max
2018,28.593359332974718,29.15,30.9,7.8060291505270865,0.5,65.55
2019,31.446682492581598,32.35,33.3,8.117360166329815,0.0,65.7
2021,35.82603911012588,37.4,40.65,8.791307859616554,3.0,54.95
2022,35.36599204771372,36.65,38.85,8.217107475067856,1.5,54.85
2023,35.831962559459875,37.55,38.65,8.573572550265528,0.0,55.45
2024,36.787460861786194,38.4,40.7,8.401867432012326,1.8,55.25
2025,23.185055594162613,23.5,24.5,4.949198229818975,0.0,40.55
