nam_hoc,mean,median,mode,std,min,max
2018,5.46310589730332,5.5,5.25,1.2715265609224562,0.0,10.0
2019,5.9961914636898515,6.0,6.0,1.225729933071236,0.0,10.0
2020,6.773215456733541,7.0,7.25,1.1717020440655366,0.0,10.0
2021,6.964827051820316,7.0,7.0,1.1749219101591373,0.0,10.0
2022,6.67792936337598,6.75,7.0,1.215013356280311,0.0,10.0
2023,6.147522700818314,6.25,6.25,1.1687316558417946,0.0,10.0
2024,7.193541200144178,7.25,7.25,1.2839445726518313,0.0,10.0
2025,6.642910366211106,6.75,7.75,1.7501270487432974,0.0,10.0
