nam_hoc,mean,median,mode,std,min,max
2023,34.04968615060558,35.8,38.7,9.223748012976678,0.0,55.400000000000006
2024,35.93519283954342,37.8,37.05,9.053316559910881,0.5,55.7
2025,23.740573692979694,24.0,27.0,4.978268493749085,2.2,45.35
