nam_hoc,mean,median,mode,std,min,max
2018,29.103228597134752,29.6,28.35,8.117787717625356,0.0,61.1
2019,29.28649637580151,30.0,33.15,8.347143101019416,0.0,60.1
2021,34.193760107816715,36.05,40.25,9.63563510052223,2.8,55.75
2022,34.507468673340846,36.1,39.25,8.961875394824363,3.9,55.45
2023,34.050515495931926,35.85,38.7,9.329649610036203,2.6,55.400000000000006
2024,36.15132232393945,38.1,38.95,9.059763793621155,0.5,55.55
2025,23.76678062225049,24.1,27.0,5.020549710170469,2.2,45.35
