nam_hoc,mean,median,mode,std,min,max
2018,27.43676308756485,27.700000000000003,29.6,6.677634175684715,1.75,58.85
2019,29.646456380104883,30.1,31.5,6.997539254808113,0.0,57.65
2021,34.53266956131158,35.15,35.55,7.275205828121131,3.0,53.05
2022,33.760293345008755,34.25,32.0,7.146347374193335,1.75,53.05
2023,34.487045238418695,35.129999999999995,33.55,7.283132575568461,5.4,55.2
2024,35.68530660070303,36.4,36.3,7.221818129580596,2.2,53.35
2025,23.29648943661972,23.299999999999997,25.25,4.357306133259664,3.75,47.1
