nam_hoc,mean,median,mode,std,min,max
2018,4.543346200996375,4.5,4.25,1.2481115487386685,0.0,10.0
2019,4.683098000922559,4.5,4.5,1.2402682071680835,0.0,10.0
2020,5.588040719478471,5.5,5.25,1.3505715885824299,0.0,10.0
2021,5.517103088515875,5.5,5.25,1.4397469461643733,0.0,10.0
2022,5.01910859161137,4.75,4.5,1.4482701031058367,0.0,10.0
2023,6.394932614555256,6.5,6.5,1.2067717357380605,0.0,10.0
2024,6.2840785622908015,6.25,6.5,1.2448490063953837,0.0,10.0
2025,5.780638404825736,5.75,6.5,1.5940254393626703,0.0,10.0
