nam_hoc,mean,median,mode,std,min,max
2023,39.14677506449871,41.05,42.0,8.549592409629703,0.75,56.3
2024,40.98406949017827,42.8,44.3,8.34875022528117,2.5,57.0
2025,25.16336072686438,25.35,29.75,4.766197580214958,0.75,46.5
