nam_hoc,mean,median,mode,std,min,max
2018,28.755045561930476,29.2,30.85,7.286596948882711,0.0,60.55
2019,31.676430622679835,32.45,33.15,7.7112642393262565,0.0,60.05
2021,37.29802889324193,38.9,42.1,8.798161004977397,1.5,55.9
2022,38.36024605678234,40.0,40.25,8.300127847301862,2.8,55.7
2023,39.14677506449871,41.05,42.0,8.549592409629703,0.75,56.3
2024,40.98406949017827,42.8,44.3,8.34875022528117,2.5,57.0
2025,25.16336072686438,25.35,29.75,4.766197580214958,0.75,46.5
