nam_hoc,mean,median,mode,std,min,max
2023,36.84521120293847,37.75,40.85,7.602998286991212,4.6,55.2
2024,38.55506900212314,39.7,39.35,7.650947414045785,3.8,57.150000000000006
2025,24.16434578283453,24.5,27.5,4.544741062518877,2.4,37.75
