nam_hoc,mean,median,mode,std,min,max
2025,19.444661016949155,19.7,20.1,2.898376420016501,4.6,27.75
