nam_hoc,mean,median,mode,std,min,max
2025,15.958894713848844,15.85,15.35,2.843840871415709,6.3,24.5
