nam_hoc,mean,median,mode,std,min,max
2023,37.701945544076466,39.15,38.1,8.209583807149484,2.6,55.8
2024,39.24056908768822,41.05,42.55,8.416944885834738,0.0,57.05
2025,25.165130136136057,25.35,28.0,4.673951281433976,4.55,50.05
