mean,median,std,%>=5,%>=8
4.853143455314696,5.0,1.469019314952808,50.29,1.21
5.635035966061974,5.8,1.7402465644516334,66.25,9.17
6.662270924472149,7.0,1.8190417106251289,81.6,29.69
6.636989569916469,7.0,1.6735295693483472,82.95,26.32
6.46625407285449,6.8,1.675435332139685,81.05,21.85
6.2505574696548525,6.6,1.6333359071731997,78.36,15.16
6.447309281732341,6.8,1.556900187366037,82.51,18.97
4.799712154820967,4.6,1.6885494578622395,43.94,5.67
