mean,median,std,pct_ge15,pct_ge24
20.774499389387,21.15,3.0940931156371345,95.29,13.94
20.90463336242001,21.3,3.3803535841126573,94.33,19.01
19.384367577825184,19.25,4.3373499507040645,82.98,17.58
