mean,median,std,pct_ge15,pct_ge24
20.275288437739967,20.45,3.339521345144512,93.33,14.02
20.47379298946813,20.75,3.3504730991136187,93.55,15.48
18.878852481031355,18.85,3.627548164697472,85.29,9.23
