nam_hoc,mean,median,mode,std,min,max
2025,16.902620087336242,16.75,17.5,2.6727104418140493,6.35,28.5
