nam_hoc,mean,median,mode,std,min,max
2023,32.866396782841825,34.45,38.25,9.260096278661456,1.75,53.4
2024,35.1913296018587,37.05,38.75,9.015467733030961,5.2,54.15
2025,23.144975859987934,23.25,26.75,4.727961560277523,3.2,46.6
