nam_hoc,mean,median,mode,std,min,max
2025,14.8,15.3,16.1,3.2710243044037446,7.949999999999999,21.0
