nam_hoc,mean,median,mode,std,min,max
2025,17.221519533779407,17.2,17.35,2.973574864473593,6.300000000000001,27.75
