nam_hoc,mean,median,mode,std,min,max
2023,36.50075011149101,37.5,40.8,7.4958638599350484,2.4,54.55
2024,37.77545001881713,38.95,41.2,7.369831935675495,4.0,56.4
2025,23.77377625469821,23.85,26.5,4.581761537801929,1.8,42.8
