nam_hoc,mean,median,mode,std,min,max
2023,35.27254137674796,35.85,40.9,7.779403562881727,4.2,54.55
2024,36.6280060522334,37.35,35.25,7.646898915072161,4.0,56.4
2025,23.291412814475155,23.35,25.5,4.794662301880129,1.8,42.8
