nam_hoc,mean,median,mode,std,min,max
2023,34.789085832220465,36.85,39.1,9.013536872063009,1.5,56.05
2024,36.15492455621302,38.05,40.5,8.61670766018783,2.5,54.85
2025,23.417189782996914,23.6,25.0,4.38457513672103,3.0,46.65
