nam_hoc,mean,median,mode,std,min,max
2018,27.695979197933756,28.700000000000003,31.9,7.201628904367156,0.0,60.0
2019,30.52502814190784,31.85,35.55,8.182056613960922,0.0,69.05
2021,35.15313673187117,37.05,39.65,8.999140716295681,2.8,54.95
2022,34.06891400695087,35.65,37.95,8.614578531441865,1.5,54.4
2023,34.789085832220465,36.85,39.1,9.013536872063009,1.5,56.05
2024,36.15492455621302,38.05,40.5,8.61670766018783,2.5,54.85
2025,23.417189782996914,23.6,25.0,4.38457513672103,3.0,46.65
