nam_hoc,mean,median,mode,std,min,max
2018,4.9690560398763175,5.0,5.0,1.5563646290544515,0.0,10.0
2019,5.567983503591238,5.75,6.25,1.592092650493428,0.0,10.0
2020,6.718000627371824,7.0,7.75,1.4978995382525144,0.0,10.0
2021,6.565690436463714,6.75,7.5,1.3932787622003324,0.0,10.0
2022,6.7237791185261875,7.0,7.25,1.4419252633650634,0.0,10.0
2023,6.57389994773663,6.75,7.5,1.4868186063831077,0.0,10.0
2024,6.666866310779335,7.0,8.0,1.6311291075605172,0.0,10.0
2025,6.978460508396993,7.0,7.5,1.5216168800947956,0.0,10.0
