nam_hoc,mean,median,mode,std,min,max
2018,15.083406259580277,15.15,15.55,2.6463220416305915,0.0,25.8
2019,16.099725219712983,16.3,16.55,2.8490962631283465,5.15,26.1
2020,14.0,14.0,14.0,,14.0,14.0
2025,16.330687093779012,16.45,16.85,2.517475776611902,7.75,24.25
