nam_hoc,mean,median,mode,std,min,max
2025,16.330687093779012,16.45,16.85,2.517475776611902,7.75,24.25
