nam_hoc,mean,median,mode,std,min,max
2023,36.243112954690496,38.0,39.05,8.68911147382892,7.0,54.8
2024,37.53749042604117,39.2,41.15,8.372890597447237,5.25,54.2
2025,23.80031837444312,24.03,27.0,4.73578451167373,0.0,39.0
