nam_hoc,mean,median,mode,std,min,max
2023,34.99169304586241,36.3,34.95,8.862085585292037,6.0,55.6
2024,36.51817168338907,38.1,38.1,8.790870377659488,2.4,55.65
2025,23.50032190342897,23.7,26.25,4.844322412900279,0.0,41.85
