nam_hoc,mean,median,mode,std,min,max
2025,18.110504890298703,18.0,19.5,3.4274922565505075,6.449999999999999,28.25
