nam_hoc,mean,median,mode,std,min,max
2025,20.030340501792114,20.09,21.75,2.190433433619447,10.05,26.0
