nam_hoc,mean,median,mode,std,min,max
2025,18.494284699615267,18.5,19.0,2.8613425472391225,5.7,28.5
