nam_hoc,mean,median,mode,std,min,max
2023,33.672196331930245,34.35,34.1,7.585590901614469,8.0,53.05
2024,34.28183203991131,35.4,37.55,7.930819976503908,4.0,54.65
2025,22.996375280602138,23.0,26.0,4.644708163049214,5.1,41.85
