nam_hoc,mean,median,mode,std,min,max
2023,20.82638305310108,21.0,21.35,2.3102246005825875,5.85,28.6
2024,21.157872880652093,21.3,21.45,2.342985276140789,3.8,28.35
2025,17.91186586551719,17.85,17.35,3.5892974067473364,3.5,28.25
