nam_hoc,mean,median,mode,std,min,max
2025,13.900461725394896,13.85,13.6,2.856934809236284,5.2,26.25
