nam_hoc,mean,median,mode,std,min,max
2018,23.418590240123937,23.35,23.25,7.013267011450726,0.0,55.75
2019,23.420218936593688,23.25,21.3,7.321366001789353,0.0,59.400000000000006
2022,33.47732956552455,34.55,39.8,8.251621944920824,3.5,53.7
2023,33.20154661197983,33.95,36.75,7.908107619777882,6.0,53.5
2024,34.94211856325493,36.15,34.15,8.101516457059486,4.0,54.5
2025,21.990074057450627,21.85,22.1,4.601621079325531,3.75,42.85
