nam_hoc,mean,median,mode,std,min,max
2018,28.19276580285784,28.5,29.35,6.74873678453624,1.8,58.45
2019,31.527386872202886,32.05,32.1,7.160121817627989,0.25,61.25
2021,37.00149650139192,38.0,38.4,7.823571639153769,3.2,54.7
2022,36.605115824308065,37.5,36.45,7.480062489666384,2.0,56.2
2023,37.178705274521896,38.15,38.5,7.4561370886981395,3.75,54.5
2024,38.84355252857367,39.8,41.55,7.243333045450587,5.0,55.7
2025,24.9668161209068,25.0,25.0,4.585042700385452,5.0,48.05
