nam_hoc,mean,median,mode,std,min,max
2023,20.382655703902632,20.7,21.1,3.0618485658029693,2.0,28.75
2024,21.549487536770396,21.85,22.35,3.01877097732575,1.2,29.15
2025,17.40044898290706,17.5,18.1,3.1146058638221734,1.8,27.8
