nam_hoc,mean,median,mode,std,min,max
2025,16.805769230769233,17.175,17.25,3.290906468530424,9.7,22.75
