nam_hoc,mean,median,mode,std,min,max
2025,15.248606016140865,15.35,15.6,3.368824349439927,6.45,25.5
