nam_hoc,mean,median,mode,std,min,max
2025,6.782761115495923,6.75,7.0,1.4827328452758797,1.35,10.0
