nam_hoc,mean,median,mode,std,min,max
2023,21.173670790553327,21.55,22.65,3.241252346449117,4.0,28.95
2024,21.639548882914593,22.0,22.85,3.0607403952173113,2.4,28.75
2025,18.45913141210607,18.6,19.75,2.9924379531213496,4.550000000000001,28.75
