nam_hoc,mean,median,mode,std,min,max
2025,18.485643668489693,18.7,20.0,2.554804991238564,7.0,26.5
