nam_hoc,mean,median,mode,std,min,max
2025,16.97638002773925,17.075000000000003,17.6,3.442764542007417,4.05,27.0
