nam_hoc,mean,median,mode,std,min,max
2025,19.617159468438537,19.75,20.25,2.283121182488679,8.2,25.25
