nam_hoc,mean,median,mode,std,min,max
2023,37.505925343582575,40.05,40.9,9.205764860564473,4.8,55.8
2024,39.73782051282051,42.45,43.55,9.090248070769675,8.0,56.6
2025,26.077961097603335,26.5,29.5,4.653580271519533,6.25,50.85
