nam_hoc,mean,median,mode,std,min,max
2025,21.36609291056568,21.75,22.75,2.7416709438736295,7.25,28.5
