nam_hoc,mean,median,mode,std,min,max
2025,17.617708333333333,16.925,16.6,2.435759516815826,13.95,24.0
