nam_hoc,mean,median,mode,std,min,max
2023,39.620173404773496,41.65,43.75,8.610331955017193,2.4,57.3
2024,41.0251793466905,43.3,45.75,8.681652112403878,2.4,57.85
2025,25.804621010066253,26.1,27.5,4.6382798952616895,1.75,51.2
