nam_hoc,mean,median,mode,std,min,max
2023,39.63747187471875,41.85,41.45,8.946392985018639,6.75,56.75
2024,41.56320112349987,44.05,45.8,8.717414652571463,7.5,57.85
2025,25.41229072443069,25.75,27.5,4.654048125607024,1.75,42.25
