nam_hoc,mean,median,mode,std,min,max
2025,17.855366726296953,17.85,18.25,2.423813643893558,7.9,24.5
