nam_hoc,mean,median,mode,std,min,max
2025,14.373543689320389,14.125,13.7,3.4402658330289997,3.75,25.75
