nam_hoc,mean,median,mode,std,min,max
2025,17.61508474576271,17.75,16.85,3.3831581733244307,6.95,24.75
