nam_hoc,mean,median,mode,std,min,max
2025,19.51647024841132,19.6,21.25,2.8370919539100146,8.95,27.5
