nam_hoc,mean,median,mode,std,min,max
2023,19.582219731299723,19.65,19.7,2.9583464950353093,6.3,28.4
2024,19.81042844125903,19.9,20.4,2.8940946362551383,4.2,28.55
2025,17.85731740004467,17.75,18.0,2.942721101350568,7.35,27.0
