nam_hoc,mean,median,mode,std,min,max
2018,7.12376784987848,7.25,7.5,1.2512955066802094,0.0,10.0
2019,7.371811463251261,7.5,7.75,1.2643638598760123,0.0,10.0
2020,8.125164085469377,8.25,8.75,1.0903104804184158,0.0,10.0
2021,8.385958758198585,8.5,9.25,1.149960398438298,0.0,10.0
2022,8.033266407260486,8.25,8.5,1.0672721751320449,0.0,10.0
2023,8.285804542206943,8.5,9.0,1.1376376545904519,0.0,10.0
2024,8.156503326713604,8.25,8.75,1.0426443087584012,0.0,10.0
2025,7.691508582834331,7.75,8.25,1.1874754381398724,0.0,10.0
