nam_hoc,mean,median,mode,std,min,max
2025,16.070218999704053,16.0,16.35,3.0314599631352044,5.6,29.0
