nam_hoc,mean,median,mode,std,min,max
2025,17.11593220338983,17.1,19.25,2.8700617927148935,7.449999999999999,26.0
