nam_hoc,mean,median,mode,std,min,max
2023,20.774499389386996,21.15,22.1,3.0940931156371345,0.45,29.35
2024,20.904633362420014,21.3,22.8,3.3803535841126573,2.15,29.6
2025,19.384367577825184,19.25,22.0,4.3373499507040645,1.7000000000000002,30.0
