nam_hoc,mean,median,mode,std,min,max
2023,21.441983188579133,21.75,22.0,3.236977715280601,4.0,29.75
2024,22.252554409431937,22.5,23.25,3.07075700426018,1.25,29.75
2025,20.23221537693044,20.5,22.0,3.3354681090400744,5.25,29.25
