nam_hoc,mean,median,mode,std,min,max
2023,17.02177199221729,16.900000000000002,16.75,3.94556838981799,3.5999999999999996,28.6
2024,17.877330333539188,17.849999999999998,18.25,3.7466975000742466,5.15,28.8
2025,17.84839811462531,18.0,18.75,3.2254960596755646,3.7,28.75
