nam_hoc,mean,median,mode,std,min,max
2018,28.101682022712662,28.4,28.5,6.072642584236425,0.0,47.0
2019,30.666234729992006,31.15,30.5,6.741840082519303,0.0,50.9
2021,36.17217038961039,36.8,35.05,7.462096629898347,2.8,55.95
2022,35.165141712568854,35.85,36.75,7.187895812850511,4.85,56.650000000000006
2023,35.619774315957656,36.4,36.05,7.4240617944229,4.8,54.2
2024,37.61044540499906,38.35,39.0,7.0470039081349105,5.4,56.1
2025,23.632738137082605,23.75,25.75,4.1615909586918045,0.5,49.5
