nam_hoc,mean,median,mode,std,min,max
2025,19.32014705882353,19.35,20.5,2.329730239180128,11.1,25.5
