nam_hoc,mean,median,mode,std,min,max
2025,17.466557566422793,17.5,16.1,3.0858497873250528,6.25,27.0
