nam_hoc,mean,median,mode,std,min,max
2025,19.802900480947095,19.75,20.75,2.930684248247707,10.6,27.75
