nam_hoc,mean,median,mode,std,min,max
2023,20.068016743308565,20.2,20.5,3.0050919516958503,6.65,29.15
2024,20.05649514252162,20.2,20.5,2.917486950113849,5.5,28.9
2025,15.931959201019971,15.7,15.1,3.5709135614534673,5.550000000000001,27.0
