nam_hoc,mean,median,mode,std,min,max
2023,20.29131681360693,20.5,21.5,2.863028811949513,5.0,28.5
2024,20.654808838618983,21.0,21.75,3.145772734731702,2.75,29.0
2025,20.313426818961446,20.35,22.5,3.425823482909556,5.25,29.25
