nam_hoc,mean,median,mode,std,min,max
2023,5.4624104281853425,5.2,4.2,1.966353172708501,0.0,10.0
2024,5.521937975578091,5.2,4.6,1.8806574502215911,0.0,10.0
2025,5.406337626558302,5.25,5.25,1.4876243190430802,0.0,10.0
