nam_hoc,mean,median,mode,std,min,max
2018,30.30617936463312,30.299999999999997,30.0,7.107204916374446,0.5,66.0
2019,33.546812760211544,33.65,31.9,7.400024110108313,2.5,63.95
2021,37.70667995326781,38.5,41.5,6.759315759249094,6.15,56.05
2022,37.74605419731717,38.65,39.95,6.586987741819701,7.5,54.45
2023,37.46619052676296,38.65,40.8,7.118183558548671,2.4,54.25
2024,38.67723348154276,39.95,40.05,7.014224736293967,6.25,54.5
2025,24.162102165020453,24.25,26.5,4.3644474218185065,4.5,39.55
