nam_hoc,mean,median,mode,std,min,max
2023,19.784420409453244,19.9,19.85,3.1422066878660737,6.15,28.8
2024,20.22238906984276,20.4,20.75,3.159522862471582,5.2,29.05
2025,20.005474428749057,20.0,21.25,2.8586679227597824,6.0,29.0
