nam_hoc,mean,median,mode,std,min,max
2018,29.632469162058698,29.799999999999997,28.1,6.319325925193172,3.5,60.05
2019,31.98060462747381,32.3,32.1,6.71982985644262,3.25,61.05
2021,38.616844833971115,39.65,43.55,7.47042290310311,3.8,55.7
2022,38.0935194303966,38.9,38.0,6.807047891855773,6.45,56.5
2023,39.24709290255611,39.95,37.65,6.554968015608665,6.2,54.95
2024,39.95519142137283,40.9,42.1,6.829695614348856,5.4,56.7
2025,24.618342924948085,24.75,26.75,4.132133936132544,6.5,47.85
