nam_hoc,mean,median,mode,std,min,max
2023,37.32448264654901,39.2,41.0,9.029400470893695,0.0,56.3
2024,39.08129409365237,40.95,43.2,8.888626997828588,1.75,57.85
2025,25.72469647808869,26.1,28.75,4.820202167576695,1.7000000000000002,52.0
