nam_hoc,mean,median,mode,std,min,max
2023,37.39080722135864,38.5,39.1,7.712747994181307,2.6,56.65
2024,40.17753083394593,41.35,42.75,7.38872091017071,5.6,57.25
2025,26.26819289772017,26.5,30.0,4.577445692167914,1.2,49.05
