nam_hoc,mean,median,mode,std,min,max
2023,18.974925989001406,19.0,18.75,3.3788950460472766,0.0,29.5
2024,20.952816956625494,21.25,21.25,3.4656733649549993,0.0,29.75
2025,19.712084016102597,19.85,23.25,4.291575486197996,0.5,29.75
