nam_hoc,mean,median,mode,std,min,max
2023,17.80452126226957,17.9,18.4,3.495089794068625,4.0,28.75
2024,19.622364371107228,19.85,20.75,3.52138582926265,3.65,28.8
2025,16.72420149662347,16.75,21.25,4.036505393071327,3.35,28.75
