nam_hoc,mean,median,mode,std,min,max
2025,18.889209463358338,18.6,19.0,4.038706577372143,7.25,29.25
