nam_hoc,mean,median,mode,std,min,max
2023,36.4702394826151,37.8,38.7,7.546983940955615,0.0,53.85
2024,38.01277027455456,39.2,40.85,7.258775441124607,0.0,55.2
2025,23.907086369014262,24.0,24.0,3.923192630269245,0.25,42.2
