nam_hoc,mean,median,mode,std,min,max
2023,35.242152777777775,36.25,36.25,7.313453049659517,3.0,55.1
2024,37.04131386861314,38.0,38.6,7.065438955925009,5.0,55.75
2025,24.004458547123956,24.25,26.75,4.258495262560755,7.4,37.5
