nam_hoc,mean,median,mode,std,min,max
2025,18.81071301247772,19.0,20.0,2.871671462877565,10.75,26.5
