nam_hoc,mean,median,mode,std,min,max
2018,27.850234503739383,28.2,29.15,6.653493750695085,3.75,57.8
2019,31.143719039756128,31.6,34.1,7.028289253843033,5.15,61.35
2021,34.87618856806129,35.8,37.15,8.06394217089193,5.5,54.7
2022,34.50619345134792,35.4,33.85,7.646881851814259,5.199999999999999,52.55
2023,35.36154744873629,36.324999999999996,39.15,7.667083453269472,1.6,54.9
2024,36.23359014236153,37.2,37.25,7.498794164528741,4.2,54.25
2025,24.467834714348015,24.75,26.0,4.838966392442117,4.9,47.05
