nam_hoc,mean,median,mode,std,min,max
2023,35.36154744873629,36.324999999999996,39.15,7.667083453269472,1.6,54.9
2024,36.23359014236153,37.2,37.25,7.498794164528741,4.2,54.25
2025,24.467834714348015,24.75,26.0,4.838966392442117,4.9,47.05
