nam_hoc,mean,median,mode,std,min,max
2025,18.065189873417722,18.1,18.1,2.6631740560216475,7.65,25.25
