nam_hoc,mean,median,mode,std,min,max
2023,35.1115705581282,36.4,37.1,8.47059146010202,1.4,54.900000000000006
2024,36.51451441284581,37.7,37.7,8.175547400329108,3.0,55.6
2025,23.35542938794951,23.5,26.25,4.7485694380835195,2.35,45.7
