nam_hoc,mean,median,mode,std,min,max
2023,35.08703457354674,36.65,39.8,8.870295361822471,3.6,54.900000000000006
2024,36.798328468167924,38.25,43.55,8.462938235436704,4.1,55.6
2025,23.773401837359646,24.0,26.25,4.770649182166996,4.75,43.4
