nam_hoc,mean,median,mode,std,min,max
2023,37.01187480593678,37.8,39.8,6.84476367353841,6.0,55.25
2024,37.99709948593892,39.0,40.0,7.004944751186799,2.25,55.3
2025,24.179635283668254,24.25,27.0,4.156991685805624,3.6,48.35
