nam_hoc,mean,median,mode,std,min,max
2023,36.5649004719885,37.05,36.9,6.432683048384285,6.0,53.55
2024,37.23208747906611,37.900000000000006,40.0,6.84976050256463,6.25,55.3
2025,23.771189725101394,23.85,25.5,4.22507190931355,4.7,48.35
