nam_hoc,mean,median,mode,std,min,max
2025,17.97469135802469,18.1,16.85,2.702286855974869,7.0,26.25
