nam_hoc,mean,median,mode,std,min,max
2025,17.34342105263158,17.1,15.5,3.106818886104771,8.1,24.25
