nam_hoc,mean,median,mode,std,min,max
2025,15.98360655737705,16.45,12.1,3.0880511830747914,9.6,23.25
