nam_hoc,mean,median,mode,std,min,max
2023,36.17151466091024,36.9,39.0,7.215678041410479,1.5,53.7
2024,38.3636786129234,39.25,37.2,6.8904020375081085,5.800000000000001,54.3
2025,24.380965523097824,24.6,25.75,4.301864365711319,5.5,39.7
