nam_hoc,mean,median,mode,std,min,max
2023,33.848306231210714,34.9,36.2,8.610699407822043,2.6,55.0
2024,36.05503772635815,37.45,39.7,8.533686328330457,4.5,56.95
2025,23.126625342778794,23.25,26.0,4.883861425738102,5.25,43.65
