nam_hoc,mean,median,mode,std,min,max
2023,36.793021256269405,37.7,36.2,7.753292734952856,2.6,55.0
2024,38.97096727515583,40.2,42.75,7.711592547066775,4.65,56.95
2025,24.687122116149567,24.8,26.25,4.319018541867661,5.25,40.45
