nam_hoc,mean,median,mode,std,min,max
2018,5.4488824952019606,5.5,6.0,1.4743842725944427,0.0,9.75
2019,5.483778992744758,5.5,6.0,1.338669011273675,0.0,9.5
2020,6.601824858592168,6.75,7.0,1.2484626118786049,0.0,10.0
2021,6.471882781405559,6.5,7.0,1.3627101886882989,0.0,10.0
2022,6.50774573647834,6.5,7.0,1.3796018959652385,0.0,10.0
2023,6.8581939202907245,7.0,7.0,1.3264706479824535,0.0,10.0
2024,7.231146118325761,7.5,8.0,1.3300573359460361,0.0,10.0
2025,6.990479032390581,7.25,7.5,1.2910494522396454,0.0,9.75
