nam_hoc,mean,median,mode,std,min,max
2018,28.50954007750357,29.450000000000003,29.0,7.487475596541616,0.0,60.05
2019,31.0930028125799,32.2,32.3,7.960511174201668,0.0,64.05
2021,33.73612660944206,35.475,32.05,9.128482668509616,11.5,51.9
2022,37.15644852082522,38.85,40.25,8.454601134898557,1.75,55.85
2023,37.02334649790635,38.85,40.45,8.562494345912475,2.6,55.5
2024,38.47639531142266,40.3,42.95,8.442495708759393,4.15,57.0
2025,24.911242319107135,25.1,27.25,4.4853817821402595,3.5,48.25
