nam_hoc,mean,median,mode,std,min,max
2023,39.697297945930686,42.1,42.9,8.41188910230479,3.75,55.05
2024,40.463720716582465,42.75,45.7,8.178302659478682,4.2,55.7
2025,25.80548548254379,25.85,26.5,3.898453443954737,6.25,48.55
