nam_hoc,mean,median,mode,std,min,max
2023,37.71005700171005,40.0,42.1,9.070786390544477,6.2,57.1
2024,39.96663594188744,42.15,42.85,8.615565804697956,5.75,56.3
2025,25.988200191979523,26.25,27.5,4.285150336954004,3.2,47.55
