nam_hoc,mean,median,mode,std,min,max
2018,29.72069494123659,30.4,32.4,7.391015295260185,2.2,60.55
2019,32.4433866236433,33.55,33.45,8.096969885120702,3.4,58.75
2021,37.25340845768064,39.2,37.8,9.398270343021657,4.25,55.85
2022,37.96286627024291,39.75,40.5,8.503773264178477,1.75,55.75
2023,37.71005700171005,40.0,42.1,9.070786390544477,6.2,57.1
2024,39.96663594188744,42.15,42.85,8.615565804697956,5.75,56.3
2025,25.988200191979523,26.25,27.5,4.285150336954004,3.2,47.55
