nam_hoc,mean,median,mode,std,min,max
2025,5.792554585152839,5.6,6.0,1.539869947881984,2.3,10.0
