nam_hoc,mean,median,mode,std,min,max
2023,36.83609341825903,38.5,41.45,8.699982741354741,2.25,55.7
2024,38.56500700716288,40.45,41.55,8.760148523367928,3.8,56.75
2025,25.197277695465257,25.5,28.75,4.932565486189014,2.4,51.55
