nam_hoc,mean,median,mode,std,min,max
2023,20.426486491514176,20.7,21.75,2.725684442820527,6.0,28.8
2024,20.510197733379243,20.9,22.0,2.861234577979325,3.95,28.95
2025,15.815565872459706,15.5,14.6,3.3405733686660257,5.95,27.25
