nam_hoc,mean,median,mode,std,min,max
2025,19.39860745614035,19.25,20.0,2.5077458776566117,6.35,29.0
