nam_hoc,mean,median,mode,std,min,max
2018,26.57305125014142,26.55,25.8,8.015768543970523,1.0,59.35
2019,27.188290502793297,27.45,25.15,8.142228009097945,1.0,61.75
2021,32.99600232116481,33.75,28.65,8.977799547400272,3.0,54.55
2022,35.415232375979116,36.5,36.7,8.354622869902872,6.25,55.150000000000006
2023,34.75695192706175,35.9,35.35,8.5271069265067,2.0,54.55
2024,36.54022701822254,37.9,38.75,8.54471280146229,1.8,55.4
2025,23.22692767758557,23.25,26.25,4.84663035659686,4.0,45.05
