nam_hoc,mean,median,mode,std,min,max
2025,14.864583333333334,14.399999999999999,12.799999999999999,2.858692573004372,10.4,24.75
