nam_hoc,mean,median,mode,std,min,max
2025,16.79786476868327,16.725,18.0,3.1743562059326855,8.2,25.0
