nam_hoc,mean,median,mode,std,min,max
2018,30.94363622534354,31.85,32.45,7.45809170727416,3.5,61.5
2019,34.159023255813956,35.25,36.75,7.592056152866366,0.0,64.7
2021,39.87883778744561,41.6,45.0,8.345852429514034,4.0,56.95
2022,39.78862360261015,41.2,42.25,7.83685077639433,1.5,56.7
2023,40.14638110685147,41.9,41.15,8.085713385692163,5.25,57.3
2024,41.53737362132353,43.55,45.75,8.20093176894405,2.4,57.35
2025,26.202661754057164,26.45,28.75,4.416592400180439,1.8,51.2
