nam_hoc,mean,median,mode,std,min,max
2018,4.8531434553146955,5.0,5.4,1.469019314952808,0.0,10.0
2019,5.635035966061974,5.8,6.4,1.7402465644516334,0.0,10.0
2020,6.662270924472149,7.0,7.8,1.8190417106251286,0.0,10.0
2021,6.636989569916469,7.0,7.8,1.6735295693483472,0.6,10.0
2022,6.46625407285449,6.8,7.8,1.675435332139685,0.0,10.0
2023,6.2505574696548525,6.6,7.6,1.6333359071731997,0.0,10.0
2024,6.447309281732341,6.8,7.6,1.556900187366037,0.0,9.8
2025,4.799712154820967,4.6,4.75,1.6885494578622395,0.0,10.0
