nam_hoc,mean,median,mode,std,min,max
2023,33.807262881679385,34.55,35.2,8.14858997774978,2.4,55.35
2024,35.32926623532231,36.25,37.85,7.998692443907031,3.0,55.55
2025,22.65153404539386,22.700000000000003,24.0,4.812420002896523,3.2,46.75
