nam_hoc,mean,median,mode,std,min,max
2023,34.38190519916408,35.2,33.75,7.8654629401406835,2.4,55.35
2024,35.8898129386731,36.8,37.85,7.753679917590204,3.0,55.55
2025,22.93748033151162,23.0,25.0,4.729480107460309,0.5,47.8
