nam_hoc,mean,median,mode,std,min,max
2025,14.093367346938772,13.774999999999999,13.2,2.482896522615385,8.8,20.6
