nam_hoc,mean,median,mode,std,min,max
2023,20.32875220916656,20.3,20.15,3.484459100425141,3.7,29.55
2024,20.660220652028393,20.65,20.15,3.3037923535019886,2.8,29.75
2025,21.081142346279925,21.25,21.0,2.6662625676571037,5.45,29.0
