nam_hoc,mean,median,mode,std,min,max
2023,21.011485572018234,21.25,21.6,2.6210457673135545,5.6,28.6
2024,21.545585893161434,21.9,22.9,2.752746942987296,4.05,28.8
2025,20.087242209357164,20.2,21.75,3.2434976317263775,4.800000000000001,29.25
