nam_hoc,mean,median,mode,std,min,max
2025,18.313826366559482,18.3,18.25,2.486738444156193,6.95,27.0
