nam_hoc,mean,median,mode,std,min,max
2023,17.115763286065878,17.0,16.5,3.635755322053687,4.0,28.45
2024,18.492558066100013,18.5,18.25,3.5869746660474964,4.6,28.799999999999997
2025,18.175730739879675,18.25,19.5,3.2086159315386578,4.0,28.75
