nam_hoc,mean,median,mode,std,min,max
2025,19.659653846153848,19.9,21.0,2.5182569420996392,13.25,25.25
