nam_hoc,mean,median,mode,std,min,max
2025,16.727959497772375,16.75,17.1,2.9739047704294483,5.9,27.25
