nam_hoc,mean,median,mode,std,min,max
2023,20.275288437739967,20.45,20.5,3.339521345144512,5.05,29.8
2024,20.47379298946813,20.75,21.0,3.3504730991136187,5.2,29.6
2025,18.878852481031355,18.85,20.0,3.627548164697472,5.5,29.75
