nam_hoc,mean,median,mode,std,min,max
2018,27.434187882913545,28.1,28.5,7.707696123556125,0.0,60.15
2019,29.260915018782338,30.25,32.15,8.390321759412739,2.2,64.1
2021,35.526599865583194,37.3,43.0,9.690552406554762,0.75,55.5
2022,34.93299219150026,36.75,40.6,9.538753126189865,1.75,56.05
2023,34.73767235966344,36.7,39.95,9.575755195353633,4.5,54.650000000000006
2024,37.119989914836395,39.25,44.5,9.37490000349557,4.8,56.35
2025,24.57396934594567,24.950000000000003,26.5,4.928431207556368,1.25,45.95
