nam_hoc,mean,median,mode,std,min,max
2023,35.94697008342633,37.1,35.6,8.040538724080498,0.75,54.45
2024,36.79962407178218,38.2,41.55,8.118519259490027,1.5,55.400000000000006
2025,23.62536597729116,23.700000000000003,26.0,4.803358642488866,3.95,47.25
