nam_hoc,mean,median,mode,std,min,max
2023,35.920863580381074,37.2,38.45,8.219416824407423,0.75,54.45
2024,36.80694301240072,38.25,40.95,8.133622817619512,1.5,55.400000000000006
2025,23.739817614424414,23.75,26.0,4.8118579950587685,3.95,47.25
