nam_hoc,mean,median,mode,std,min,max
2018,29.258936967632025,29.85,30.75,6.5409880384701955,3.25,57.6
2019,32.347805072015554,33.15,35.1,7.123781591531132,3.5,68.75
2021,37.13285855213234,38.45,39.55,8.00969883458068,5.25,55.15
2022,35.78248841557597,36.9,38.2,7.439278287672187,5.25,53.85
2023,36.54961207609595,37.75,40.75,7.70076871179999,2.8,54.2
2024,37.015008645533136,38.6,39.45,7.765402023015871,3.0,55.65
2025,24.206496485984324,24.25,25.25,4.110381187583266,5.2,45.7
