nam_hoc,mean,median,mode,std,min,max
2025,17.48048780487805,17.549999999999997,17.35,2.6998360161673385,10.6,23.45
