nam_hoc,mean,median,mode,std,min,max
2018,29.681702512702717,30.05,30.4,6.201271438011768,1.0,56.3
2019,31.862296533821958,32.55,34.3,6.718269475439196,0.0,58.75
2022,36.85608458571619,37.85,40.8,7.140676268301976,2.25,54.35
2023,36.766508210337996,38.1,36.55,7.592756606562473,3.8,54.05
2024,38.25149295432459,39.55,40.45,7.378429932968142,6.75,55.5
2025,23.74085063062044,23.85,25.5,4.281423934317402,3.75,49.150000000000006
