nam_hoc,mean,median,mode,std,min,max
2018,30.54493554642939,30.2,30.85,7.932435263691815,0.0,61.6
2019,32.64465618499939,32.5,30.4,7.8580153315332995,0.5,66.95
2021,35.74410214957188,36.5,37.45,7.732902780771929,1.75,55.15
2022,35.86801481569986,36.6,34.6,7.0973283894149874,0.0,55.400000000000006
2023,35.75998655442535,36.65,37.95,7.607422296397567,2.75,54.5
2024,36.398017002081886,37.4,36.85,7.70297796452061,2.8,55.25
2025,23.982478216160633,24.1,25.25,4.700060245812983,0.25,42.15
