nam_hoc,mean,median,mode,std,min,max
2025,18.30600440690415,18.0,19.25,3.642394133161379,8.35,29.25
