nam_hoc,mean,median,mode,std,min,max
2023,36.33691241384651,37.65,38.7,7.596162518189342,0.0,54.1
2024,37.62434969722359,38.85,40.85,7.392983977100157,0.0,55.2
2025,23.833268031403623,24.0,26.5,4.035554634756226,0.25,42.25
