nam_hoc,mean,median,mode,std,min,max
2023,36.13295817416005,37.4,37.9,7.666667896568849,3.0,54.1
2024,37.040163074575624,38.3,37.25,7.55319428725204,2.5,54.75
2025,23.72741494776319,23.95,26.5,4.189332940888989,5.2,42.25
