nam_hoc,mean,median,mode,std,min,max
2025,18.66672131147541,19.5,21.5,3.4790883486489563,11.0,27.5
