nam_hoc,mean,median,mode,std,min,max
2023,18.903006171932567,19.05,19.6,3.81804342984492,2.8,28.900000000000002
2024,19.509256964172938,19.65,19.0,3.6274991757513138,3.85,28.75
2025,18.612843818702668,18.5,19.25,2.959745717104796,3.5,29.0
