nam_hoc,mean,median,mode,std,min,max
2018,29.828339866443645,30.6,0.0,7.216351734580126,0.0,72.25
2019,33.52423100390209,34.35,35.8,7.143010366957825,0.0,69.4
2021,38.387614741650154,39.8,40.8,7.633133616097031,3.2,55.5
2022,37.32208201333396,38.5,40.45,7.530670997596097,0.0,54.45
2023,38.17489743893763,39.7,39.95,7.643104845524739,0.45,55.400000000000006
2024,38.44396887382332,39.85,40.05,7.700110021101728,2.4,55.9
2025,25.010852154903823,25.1,26.75,4.332279013276344,0.0,48.0
