nam_hoc,mean,median,mode,std,min,max
2023,38.222928940162504,39.85,41.25,7.830966844133212,0.45,55.400000000000006
2024,38.83775921038926,40.3,40.05,7.769467089669593,2.4,57.3
2025,25.068084832904887,25.200000000000003,26.5,4.256955721505183,0.0,48.55
