nam_hoc,mean,median,mode,std,min,max
2018,27.138705853598925,28.2,27.6,7.146153604657391,4.95,56.1
2019,29.433141581632647,30.5,33.4,7.384999185951734,4.4,62.25
2021,35.18281285487168,36.05,39.25,7.895833231647296,7.0,54.0
2022,34.06281048514956,34.65,38.1,7.187674199519306,8.5,53.45
2023,34.41009279475983,34.9,32.65,7.284795156024571,7.85,53.2
2024,37.97550588478215,38.9,40.0,7.060694728104755,6.0,55.0
2025,23.50211930774437,23.6,25.0,4.220538591369019,4.0,46.8
