nam_hoc,mean,median,mode,std,min,max
2025,16.835576923076925,16.75,15.6,2.530782238604053,10.45,24.25
