nam_hoc,mean,median,mode,std,min,max
2025,7.715897133526849,7.75,8.25,1.1705141294304786,1.55,10.0
