nam_hoc,mean,median,mode,std,min,max
2023,36.91555132784594,38.4,40.0,8.116450125135376,2.0,54.3
2024,39.59822872971903,40.6,39.05,7.4220553178752136,5.0,57.3
2025,24.58051681763921,24.6,25.25,4.032344607476222,5.0,47.35
